Date,arkk,tgt,unh
2014-01-15 16:00:00,,61.56,
2014-01-16 16:00:00,,60.81,
2014-01-17 16:00:00,,60.24,
2014-01-21 16:00:00,,59.2,
2014-01-22 16:00:00,,58.98,
2014-01-23 16:00:00,,58.65,
2014-01-24 16:00:00,,57.72,
2014-01-27 16:00:00,,57.71,
2014-01-28 16:00:00,,57.89,
2014-01-29 16:00:00,,56.89,
2014-01-30 16:00:00,,56.67,
2014-01-31 16:00:00,,56.64,
2014-02-03 16:00:00,,55.41,
2014-02-04 16:00:00,,55.12,
2014-02-05 16:00:00,,55.07,
2014-02-06 16:00:00,,55.86,
2014-02-07 16:00:00,,56.33,
2014-02-10 16:00:00,,56.51,
2014-02-11 16:00:00,,57.14,
2014-02-12 16:00:00,,56.95,
2014-02-13 16:00:00,,56.86,
2014-02-14 16:00:00,,56.06,
2014-02-18 16:00:00,,56.39,
2014-02-19 16:00:00,,57.31,
2014-02-20 16:00:00,,56.62,
2014-02-21 16:00:00,,56.24,
2014-02-24 16:00:00,,56.14,
2014-02-25 16:00:00,,56.51,
2014-02-26 16:00:00,,60.49,
2014-02-27 16:00:00,,60.66,
2014-02-28 16:00:00,,62.54,
2014-03-03 16:00:00,,61.96,
2014-03-04 16:00:00,,61.33,
2014-03-05 16:00:00,,60.6,
2014-03-06 16:00:00,,60.74,
2014-03-07 16:00:00,,60.75,
2014-03-10 16:00:00,,61.16,
2014-03-11 16:00:00,,60.94,
2014-03-12 16:00:00,,61.1,
2014-03-13 16:00:00,,59.73,
2014-03-14 16:00:00,,59.36,
2014-03-17 16:00:00,,59.67,
2014-03-18 16:00:00,,59.72,
2014-03-19 16:00:00,,59.48,
2014-03-20 16:00:00,,59.7,
2014-03-21 16:00:00,,59.45,
2014-03-24 16:00:00,,59.46,
2014-03-25 16:00:00,,59.06,
2014-03-26 16:00:00,,59.2,
2014-03-27 16:00:00,,59.74,
2014-03-28 16:00:00,,59.98,
2014-03-31 16:00:00,,60.51,
2014-04-01 16:00:00,,60.57,
2014-04-02 16:00:00,,60.89,
2014-04-03 16:00:00,,61.72,
2014-04-04 16:00:00,,61.14,
2014-04-07 16:00:00,,60.5,
2014-04-08 16:00:00,,61.5,
2014-04-09 16:00:00,,61.21,
2014-04-10 16:00:00,,59.67,
2014-04-11 16:00:00,,58.9,
2014-04-14 16:00:00,,59.42,
2014-04-15 16:00:00,,59.48,
2014-04-16 16:00:00,,59.91,
2014-04-17 16:00:00,,60.0,
2014-04-21 16:00:00,,59.76,
2014-04-22 16:00:00,,60.32,
2014-04-23 16:00:00,,60.74,
2014-04-24 16:00:00,,61.45,
2014-04-25 16:00:00,,61.26,
2014-04-28 16:00:00,,62.18,
2014-04-29 16:00:00,,61.97,
2014-04-30 16:00:00,,61.75,
2014-05-01 16:00:00,,61.74,
2014-05-02 16:00:00,,62.01,
2014-05-05 16:00:00,,59.87,
2014-05-06 16:00:00,,57.64,
2014-05-07 16:00:00,,58.13,
2014-05-08 16:00:00,,58.32,
2014-05-09 16:00:00,,59.13,
2014-05-12 16:00:00,,59.64,
2014-05-13 16:00:00,,59.56,
2014-05-14 16:00:00,,59.27,
2014-05-15 16:00:00,,58.18,
2014-05-16 16:00:00,,58.64,
2014-05-19 16:00:00,,58.29,
2014-05-20 16:00:00,,56.61,
2014-05-21 16:00:00,,57.2,
2014-05-22 16:00:00,,55.99,
2014-05-23 16:00:00,,55.69,
2014-05-27 16:00:00,,55.77,
2014-05-28 16:00:00,,55.34,
2014-05-29 16:00:00,,55.88,
2014-05-30 16:00:00,,56.76,
2014-06-02 16:00:00,,56.49,
2014-06-03 16:00:00,,56.79,
2014-06-04 16:00:00,,57.18,
2014-06-05 16:00:00,,57.49,
2014-06-06 16:00:00,,57.68,
2014-06-09 16:00:00,,57.6,
2014-06-10 16:00:00,,56.86,
2014-06-11 16:00:00,,57.08,
2014-06-12 16:00:00,,57.24,
2014-06-13 16:00:00,,57.23,
2014-06-16 16:00:00,,57.74,
2014-06-17 16:00:00,,58.17,
2014-06-18 16:00:00,,58.7,
2014-06-19 16:00:00,,58.74,
2014-06-20 16:00:00,,58.29,
2014-06-23 16:00:00,,58.42,
2014-06-24 16:00:00,,58.7,
2014-06-25 16:00:00,,58.06,
2014-06-26 16:00:00,,57.87,
2014-06-27 16:00:00,,58.12,
2014-06-30 16:00:00,,57.95,
2014-07-01 16:00:00,,58.37,
2014-07-02 16:00:00,,58.77,
2014-07-03 16:00:00,,59.51,
2014-07-07 16:00:00,,59.99,
2014-07-08 16:00:00,,59.8,
2014-07-09 16:00:00,,60.05,
2014-07-10 16:00:00,,59.93,
2014-07-11 16:00:00,,60.0,
2014-07-14 16:00:00,,60.18,
2014-07-15 16:00:00,,60.71,
2014-07-16 16:00:00,,60.14,
2014-07-17 16:00:00,,59.72,
2014-07-18 16:00:00,,60.01,
2014-07-21 16:00:00,,59.3,
2014-07-22 16:00:00,,59.38,
2014-07-23 16:00:00,,60.73,
2014-07-24 16:00:00,,60.99,
2014-07-25 16:00:00,,60.39,
2014-07-28 16:00:00,,60.3,
2014-07-29 16:00:00,,61.1,
2014-07-30 16:00:00,,61.38,
2014-07-31 16:00:00,,59.59,
2014-08-01 16:00:00,,59.85,
2014-08-04 16:00:00,,60.7,
2014-08-05 16:00:00,,58.03,
2014-08-06 16:00:00,,57.97,
2014-08-07 16:00:00,,57.5,
2014-08-08 16:00:00,,58.54,
2014-08-11 16:00:00,,58.36,
2014-08-12 16:00:00,,58.46,
2014-08-13 16:00:00,,58.26,
2014-08-14 16:00:00,,58.74,
2014-08-15 16:00:00,,58.2,
2014-08-18 16:00:00,,58.55,
2014-08-19 16:00:00,,59.25,
2014-08-20 16:00:00,,60.33,
2014-08-21 16:00:00,,61.07,
2014-08-22 16:00:00,,61.05,
2014-08-25 16:00:00,,60.98,
2014-08-26 16:00:00,,60.7,
2014-08-27 16:00:00,,60.79,
2014-08-28 16:00:00,,60.35,
2014-08-29 16:00:00,,60.07,
2014-09-02 16:00:00,,60.19,
2014-09-03 16:00:00,,60.39,
2014-09-04 16:00:00,,61.03,
2014-09-05 16:00:00,,61.08,
2014-09-08 16:00:00,,60.56,
2014-09-09 16:00:00,,60.88,
2014-09-10 16:00:00,,61.95,
2014-09-11 16:00:00,,62.59,
2014-09-12 16:00:00,,62.53,
2014-09-15 16:00:00,,62.21,
2014-09-16 16:00:00,,62.86,
2014-09-17 16:00:00,,62.87,
2014-09-18 16:00:00,,63.93,
2014-09-19 16:00:00,,63.81,
2014-09-22 16:00:00,,63.36,
2014-09-23 16:00:00,,63.08,
2014-09-24 16:00:00,,63.88,
2014-09-25 16:00:00,,62.88,
2014-09-26 16:00:00,,63.15,
2014-09-29 16:00:00,,63.04,
2014-09-30 16:00:00,,62.68,
2014-10-01 16:00:00,,62.07,
2014-10-02 16:00:00,,62.57,
2014-10-03 16:00:00,,63.07,
2014-10-06 16:00:00,,62.28,
2014-10-07 16:00:00,,61.54,
2014-10-08 16:00:00,,62.81,
2014-10-09 16:00:00,,61.6,
2014-10-10 16:00:00,,60.59,
2014-10-13 16:00:00,,60.44,
2014-10-14 16:00:00,,61.69,
2014-10-15 16:00:00,,59.98,
2014-10-16 16:00:00,,59.44,
2014-10-17 16:00:00,,59.07,
2014-10-20 16:00:00,,60.29,
2014-10-21 16:00:00,,61.64,
2014-10-22 16:00:00,,61.33,
2014-10-23 16:00:00,,62.03,
2014-10-24 16:00:00,,61.57,
2014-10-27 16:00:00,,61.56,
2014-10-28 16:00:00,,60.65,
2014-10-29 16:00:00,,60.89,
2014-10-30 16:00:00,,61.78,
2014-10-31 16:00:00,20.38,61.82,
2014-11-03 16:00:00,20.38,61.59,
2014-11-04 16:00:00,20.26,61.37,
2014-11-05 16:00:00,20.0,61.12,
2014-11-06 16:00:00,20.14,61.89,
2014-11-07 16:00:00,20.12,64.17,
2014-11-10 16:00:00,20.3,65.52,
2014-11-11 16:00:00,20.29,65.72,
2014-11-12 16:00:00,20.36,66.72,
2014-11-13 16:00:00,20.34,67.5,
2014-11-14 16:00:00,20.44,68.13,
2014-11-17 16:00:00,20.41,67.13,
2014-11-18 16:00:00,20.6,67.51,
2014-11-19 16:00:00,20.29,72.5,
2014-11-20 16:00:00,20.28,71.19,
2014-11-21 16:00:00,20.36,71.51,
2014-11-24 16:00:00,20.49,71.57,
2014-11-25 16:00:00,20.52,72.1,
2014-11-26 16:00:00,20.56,72.16,
2014-11-28 16:00:00,20.59,74.0,
2014-12-01 16:00:00,20.27,72.75,
2014-12-02 16:00:00,20.05,73.07,
2014-12-03 16:00:00,20.09,73.33,
2014-12-04 16:00:00,20.06,73.28,
2014-12-05 16:00:00,20.11,73.66,
2014-12-08 16:00:00,19.73,73.78,
2014-12-09 16:00:00,19.78,73.6,
2014-12-10 16:00:00,19.73,72.91,
2014-12-11 16:00:00,19.77,73.53,
2014-12-12 16:00:00,19.61,72.4,
2014-12-15 16:00:00,19.28,73.2,
2014-12-16 16:00:00,18.95,72.28,
2014-12-17 16:00:00,19.16,73.57,
2014-12-18 16:00:00,19.88,74.64,
2014-12-19 16:00:00,20.16,73.95,
2014-12-22 16:00:00,20.33,74.5,
2014-12-23 16:00:00,20.34,74.69,
2014-12-24 16:00:00,20.37,74.65,
2014-12-26 16:00:00,20.6,75.06,
2014-12-29 16:00:00,20.43,75.53,
2014-12-30 16:00:00,20.3,75.71,
2014-12-31 16:00:00,20.16,75.91,
2015-01-02 16:00:00,20.17,75.33,
2015-01-05 16:00:00,19.68,73.98,
2015-01-06 16:00:00,19.61,73.97,
2015-01-07 16:00:00,19.7,76.77,
2015-01-08 16:00:00,20.14,77.13,
2015-01-09 16:00:00,19.97,76.43,
2015-01-12 16:00:00,20.15,76.63,
2015-01-13 16:00:00,19.99,75.95,
2015-01-14 16:00:00,19.93,74.33,
2015-01-15 16:00:00,19.48,75.67,
2015-01-16 16:00:00,19.61,74.94,
2015-01-20 16:00:00,19.89,73.67,
2015-01-21 16:00:00,20.25,73.95,
2015-01-22 16:00:00,20.53,75.77,
2015-01-23 16:00:00,20.63,75.29,
2015-01-26 16:00:00,20.75,75.25,
2015-01-27 16:00:00,20.44,74.76,
2015-01-28 16:00:00,20.35,74.26,
2015-01-29 16:00:00,20.39,75.49,
2015-01-30 16:00:00,20.24,73.61,
2015-02-02 16:00:00,20.37,74.25,
2015-02-03 16:00:00,20.23,75.87,
2015-02-04 16:00:00,20.46,75.61,
2015-02-05 16:00:00,20.84,75.95,
2015-02-06 16:00:00,20.79,76.36,
2015-02-09 16:00:00,20.68,75.39,
2015-02-10 16:00:00,20.85,76.65,
2015-02-11 16:00:00,21.03,76.42,
2015-02-12 16:00:00,21.18,76.87,
2015-02-13 16:00:00,21.45,76.12,
2015-02-17 16:00:00,21.34,76.64,
2015-02-18 16:00:00,21.37,77.35,
2015-02-19 16:00:00,21.54,76.68,
2015-02-20 16:00:00,21.68,76.87,
2015-02-23 16:00:00,21.48,76.69,
2015-02-24 16:00:00,21.42,76.95,
2015-02-25 16:00:00,21.43,77.15,
2015-02-26 16:00:00,21.64,76.9,
2015-02-27 16:00:00,21.51,76.83,
2015-03-02 16:00:00,21.5,77.68,
2015-03-03 16:00:00,21.34,78.0,
2015-03-04 16:00:00,21.22,77.72,
2015-03-05 16:00:00,21.35,78.2,
2015-03-06 16:00:00,20.97,77.21,
2015-03-09 16:00:00,20.8,78.57,
2015-03-10 16:00:00,20.58,77.67,
2015-03-11 16:00:00,20.67,77.78,
2015-03-12 16:00:00,20.68,79.3,
2015-03-13 16:00:00,20.62,79.18,
2015-03-16 16:00:00,20.8,80.49,
2015-03-17 16:00:00,20.87,81.03,
2015-03-18 16:00:00,20.8,81.06,
2015-03-19 16:00:00,21.1,80.6,
2015-03-20 16:00:00,21.33,81.31,
2015-03-23 16:00:00,21.29,81.23,
2015-03-24 16:00:00,21.29,82.0,
2015-03-25 16:00:00,20.81,81.62,
2015-03-26 16:00:00,20.79,80.44,
2015-03-27 16:00:00,20.76,81.56,
2015-03-30 16:00:00,21.0,82.14,
2015-03-31 16:00:00,20.84,82.07,
2015-04-01 16:00:00,20.5,82.09,
2015-04-02 16:00:00,20.66,82.67,
2015-04-06 16:00:00,20.97,83.34,
2015-04-07 16:00:00,20.96,82.61,
2015-04-08 16:00:00,21.22,83.14,
2015-04-09 16:00:00,21.32,83.29,
2015-04-10 16:00:00,21.49,83.57,
2015-04-13 16:00:00,21.53,82.96,
2015-04-14 16:00:00,21.39,83.06,
2015-04-15 16:00:00,21.6,81.96,
2015-04-16 16:00:00,21.84,81.92,
2015-04-17 16:00:00,21.4,80.02,
2015-04-20 16:00:00,21.5,80.93,
2015-04-21 16:00:00,21.59,81.25,
2015-04-22 16:00:00,21.76,81.34,
2015-04-23 16:00:00,21.99,81.93,
2015-04-24 16:00:00,21.99,82.7,
2015-04-27 16:00:00,22.23,81.38,
2015-04-28 16:00:00,21.73,81.51,
2015-04-29 16:00:00,21.55,78.87,
2015-04-30 16:00:00,20.96,78.83,
2015-05-01 16:00:00,20.79,79.65,
2015-05-04 16:00:00,21.01,80.18,
2015-05-05 16:00:00,20.77,78.97,
2015-05-06 16:00:00,20.64,79.12,
2015-05-07 16:00:00,20.86,80.11,
2015-05-08 16:00:00,20.84,80.74,
2015-05-11 16:00:00,21.0,80.61,
2015-05-12 16:00:00,20.9,80.81,
2015-05-13 16:00:00,21.01,79.81,
2015-05-14 16:00:00,21.18,77.26,
2015-05-15 16:00:00,21.13,78.53,
2015-05-18 16:00:00,21.25,78.36,
2015-05-19 16:00:00,21.26,77.92,
2015-05-20 16:00:00,21.22,78.18,
2015-05-21 16:00:00,21.41,79.39,
2015-05-22 16:00:00,21.46,79.29,
2015-05-26 16:00:00,21.31,79.08,
2015-05-27 16:00:00,21.32,80.3,
2015-05-28 16:00:00,21.58,80.05,
2015-05-29 16:00:00,21.6,79.32,
2015-06-01 16:00:00,21.52,79.51,
2015-06-02 16:00:00,21.56,80.0,
2015-06-03 16:00:00,21.68,80.34,
2015-06-04 16:00:00,21.6,79.96,
2015-06-05 16:00:00,21.63,79.2,
2015-06-08 16:00:00,21.6,78.89,
2015-06-09 16:00:00,21.46,78.9,
2015-06-10 16:00:00,21.85,79.67,
2015-06-11 16:00:00,21.78,80.07,
2015-06-12 16:00:00,21.65,79.47,
2015-06-15 16:00:00,21.37,80.45,
2015-06-16 16:00:00,21.62,80.97,
2015-06-17 16:00:00,21.83,82.1,
2015-06-18 16:00:00,22.05,83.19,
2015-06-19 16:00:00,22.0,83.35,
2015-06-22 16:00:00,22.05,84.23,
2015-06-23 16:00:00,22.23,84.76,
2015-06-24 16:00:00,21.94,84.34,
2015-06-25 16:00:00,21.9,84.5,
2015-06-26 16:00:00,21.74,84.08,
2015-06-29 16:00:00,21.16,82.09,
2015-06-30 16:00:00,21.35,81.63,
2015-07-01 16:00:00,21.31,82.99,
2015-07-02 16:00:00,21.25,82.27,
2015-07-06 16:00:00,21.1,82.93,
2015-07-07 16:00:00,20.98,84.45,
2015-07-08 16:00:00,20.78,83.48,
2015-07-09 16:00:00,20.95,83.04,
2015-07-10 16:00:00,21.17,83.91,
2015-07-13 16:00:00,21.44,84.1,
2015-07-14 16:00:00,21.57,84.1,
2015-07-15 16:00:00,21.42,84.46,
2015-07-16 16:00:00,21.85,85.01,
2015-07-17 16:00:00,21.92,84.69,
2015-07-20 16:00:00,21.95,84.23,
2015-07-21 16:00:00,21.87,82.28,
2015-07-22 16:00:00,21.65,82.82,
2015-07-23 16:00:00,21.8,81.65,
2015-07-24 16:00:00,21.9,80.21,
2015-07-27 16:00:00,21.65,79.49,
2015-07-28 16:00:00,21.97,80.53,
2015-07-29 16:00:00,21.82,81.84,
2015-07-30 16:00:00,21.65,81.93,
2015-07-31 16:00:00,21.5,81.85,
2015-08-03 16:00:00,21.11,80.39,
2015-08-04 16:00:00,21.05,80.05,
2015-08-05 16:00:00,21.1,80.04,
2015-08-06 16:00:00,20.8,79.54,
2015-08-07 16:00:00,20.78,78.98,
2015-08-10 16:00:00,21.28,78.97,
2015-08-11 16:00:00,21.0,78.87,
2015-08-12 16:00:00,20.8,79.0,
2015-08-13 16:00:00,20.99,78.99,
2015-08-14 16:00:00,20.96,79.35,
2015-08-17 16:00:00,21.12,78.98,
2015-08-18 16:00:00,20.98,80.3,
2015-08-19 16:00:00,20.75,80.87,
2015-08-20 16:00:00,19.89,80.66,
2015-08-21 16:00:00,19.53,78.4,
2015-08-24 16:00:00,18.96,75.28,
2015-08-25 16:00:00,19.38,73.94,
2015-08-26 16:00:00,19.45,76.84,
2015-08-27 16:00:00,20.04,77.85,
2015-08-28 16:00:00,20.24,78.03,
2015-08-31 16:00:00,20.1,77.71,
2015-09-01 16:00:00,19.37,75.39,
2015-09-02 16:00:00,19.59,77.05,
2015-09-03 16:00:00,19.81,77.45,
2015-09-04 16:00:00,19.42,76.42,
2015-09-08 16:00:00,20.02,78.38,
2015-09-09 16:00:00,20.09,77.16,
2015-09-10 16:00:00,20.01,77.07,
2015-09-11 16:00:00,20.11,77.88,
2015-09-14 16:00:00,20.07,77.15,
2015-09-15 16:00:00,20.33,77.82,
2015-09-16 16:00:00,20.57,78.5,
2015-09-17 16:00:00,20.75,78.01,
2015-09-18 16:00:00,20.43,76.62,
2015-09-21 16:00:00,20.3,78.26,
2015-09-22 16:00:00,19.88,78.05,
2015-09-23 16:00:00,19.84,78.76,
2015-09-24 16:00:00,19.61,79.06,
2015-09-25 16:00:00,19.4,79.05,
2015-09-28 16:00:00,19.0,77.67,
2015-09-29 16:00:00,18.69,77.98,
2015-09-30 16:00:00,18.79,78.66,
2015-10-01 16:00:00,18.53,79.51,
2015-10-02 16:00:00,19.08,79.53,
2015-10-05 16:00:00,19.52,79.51,
2015-10-06 16:00:00,19.23,78.1,
2015-10-07 16:00:00,19.51,78.56,
2015-10-08 16:00:00,19.39,78.69,
2015-10-09 16:00:00,19.82,78.88,
2015-10-12 16:00:00,19.67,79.21,
2015-10-13 16:00:00,19.6,78.96,
2015-10-14 16:00:00,19.5,76.2,
2015-10-15 16:00:00,19.52,75.13,
2015-10-16 16:00:00,19.81,75.05,
2015-10-19 16:00:00,19.81,74.7,
2015-10-20 16:00:00,19.5,74.4,
2015-10-21 16:00:00,19.66,76.4,
2015-10-22 16:00:00,19.45,77.11,
2015-10-23 16:00:00,19.81,72.94,
2015-10-26 16:00:00,19.78,74.02,
2015-10-27 16:00:00,19.61,74.73,
2015-10-28 16:00:00,19.82,76.23,
2015-10-29 16:00:00,19.72,76.28,
2015-10-30 16:00:00,19.9,77.18,
2015-11-02 16:00:00,20.46,77.26,
2015-11-03 16:00:00,20.45,78.23,
2015-11-04 16:00:00,20.84,77.39,
2015-11-05 16:00:00,20.66,78.15,
2015-11-06 16:00:00,20.85,77.22,
2015-11-09 16:00:00,20.69,76.23,
2015-11-10 16:00:00,20.43,77.19,
2015-11-11 16:00:00,20.39,74.87,
2015-11-12 16:00:00,20.04,74.93,
2015-11-13 16:00:00,19.82,71.89,
2015-11-16 16:00:00,19.92,72.31,
2015-11-17 16:00:00,19.95,72.91,
2015-11-18 16:00:00,20.19,69.78,
2015-11-19 16:00:00,20.51,70.55,
2015-11-20 16:00:00,20.65,70.83,
2015-11-23 16:00:00,20.68,72.28,
2015-11-24 16:00:00,20.63,72.89,
2015-11-25 16:00:00,20.9,73.16,
2015-11-27 16:00:00,21.27,73.44,
2015-11-30 16:00:00,21.2,72.5,
2015-12-01 16:00:00,21.31,72.81,
2015-12-02 16:00:00,21.36,71.93,
2015-12-03 16:00:00,20.85,73.19,
2015-12-04 16:00:00,21.05,73.9,
2015-12-07 16:00:00,20.79,73.39,
2015-12-08 16:00:00,20.99,72.66,
2015-12-09 16:00:00,20.72,72.01,
2015-12-10 16:00:00,21.07,72.37,
2015-12-11 16:00:00,20.92,71.84,
2015-12-14 16:00:00,20.21,72.72,
2015-12-15 16:00:00,20.55,72.98,
2015-12-16 16:00:00,20.78,73.8,
2015-12-17 16:00:00,20.99,72.33,
2015-12-18 16:00:00,20.93,71.37,
2015-12-21 16:00:00,20.87,71.71,
2015-12-22 16:00:00,20.96,72.61,
2015-12-23 16:00:00,21.27,73.65,
2015-12-24 16:00:00,20.88,73.17,
2015-12-28 16:00:00,20.91,72.87,
2015-12-29 16:00:00,20.78,74.44,
2015-12-30 16:00:00,20.84,73.62,
2015-12-31 16:00:00,20.46,72.61,
2016-01-04 16:00:00,20.01,73.55,
2016-01-05 16:00:00,20.17,74.84,
2016-01-06 16:00:00,19.83,74.08,
2016-01-07 16:00:00,19.05,73.88,
2016-01-08 16:00:00,18.83,71.38,
2016-01-11 16:00:00,18.17,72.42,
2016-01-12 16:00:00,18.43,73.36,
2016-01-13 16:00:00,17.87,71.64,
2016-01-14 16:00:00,18.03,70.41,
2016-01-15 16:00:00,17.32,70.08,
2016-01-19 16:00:00,17.5,69.24,
2016-01-20 16:00:00,17.05,67.59,
2016-01-21 16:00:00,17.2,68.64,
2016-01-22 16:00:00,17.53,69.72,
2016-01-25 16:00:00,17.32,68.92,
2016-01-26 16:00:00,17.05,70.44,
2016-01-27 16:00:00,16.88,70.69,
2016-01-28 16:00:00,16.48,70.99,
2016-01-29 16:00:00,16.74,72.42,
2016-02-01 16:00:00,16.88,72.83,
2016-02-02 16:00:00,16.46,73.31,
2016-02-03 16:00:00,16.37,72.57,
2016-02-04 16:00:00,16.52,70.04,
2016-02-05 16:00:00,15.5,69.56,
2016-02-08 16:00:00,14.8,70.0,
2016-02-09 16:00:00,14.86,69.86,
2016-02-10 16:00:00,15.06,68.76,
2016-02-11 16:00:00,14.78,68.05,
2016-02-12 16:00:00,14.95,69.95,
2016-02-16 16:00:00,15.55,71.5,
2016-02-17 16:00:00,16.13,72.1,
2016-02-18 16:00:00,16.07,72.53,
2016-02-19 16:00:00,16.1,72.32,
2016-02-22 16:00:00,16.47,72.47,
2016-02-23 16:00:00,16.3,73.99,
2016-02-24 16:00:00,16.44,76.94,
2016-02-25 16:00:00,16.53,78.67,
2016-02-26 16:00:00,17.02,78.43,
2016-02-29 16:00:00,17.1,78.45,
2016-03-01 16:00:00,17.48,80.96,
2016-03-02 16:00:00,17.73,81.1,
2016-03-03 16:00:00,18.14,79.71,
2016-03-04 16:00:00,18.54,81.13,
2016-03-07 16:00:00,18.51,80.82,
2016-03-08 16:00:00,18.21,80.53,
2016-03-09 16:00:00,17.98,81.21,
2016-03-10 16:00:00,17.81,81.5,
2016-03-11 16:00:00,17.93,81.87,
2016-03-14 16:00:00,18.4,81.77,
2016-03-15 16:00:00,17.84,81.65,
2016-03-16 16:00:00,17.99,82.39,
2016-03-17 16:00:00,18.1,83.02,
2016-03-18 16:00:00,18.51,82.71,
2016-03-21 16:00:00,18.68,82.2,
2016-03-22 16:00:00,18.87,81.7,
2016-03-23 16:00:00,,81.5,
2016-03-24 16:00:00,18.27,82.04,
2016-03-28 16:00:00,,82.8,
2016-03-29 16:00:00,18.83,82.97,
2016-03-30 16:00:00,18.9,83.6,
2016-03-31 16:00:00,19.13,82.28,
2016-04-01 16:00:00,,82.76,
2016-04-04 16:00:00,19.53,82.3,
2016-04-05 16:00:00,19.4,82.1,
2016-04-06 16:00:00,19.48,82.17,
2016-04-07 16:00:00,19.5,81.57,
2016-04-08 16:00:00,19.39,80.88,
2016-04-11 16:00:00,,79.77,
2016-04-12 16:00:00,19.49,80.78,
2016-04-13 16:00:00,19.81,81.56,
2016-04-14 16:00:00,20.02,81.78,
2016-04-15 16:00:00,19.77,82.6,
2016-04-18 16:00:00,19.82,83.42,
2016-04-19 16:00:00,19.39,83.98,
2016-04-20 16:00:00,19.56,82.87,
2016-04-21 16:00:00,19.76,82.75,
2016-04-22 16:00:00,19.71,82.33,
2016-04-25 16:00:00,19.62,82.6,
2016-04-26 16:00:00,19.57,82.6,
2016-04-27 16:00:00,19.47,83.29,
2016-04-28 16:00:00,19.6,81.33,
2016-04-29 16:00:00,18.88,79.5,
2016-05-02 16:00:00,19.0,80.12,
2016-05-03 16:00:00,18.72,79.99,
2016-05-04 16:00:00,18.21,79.71,
2016-05-05 16:00:00,18.16,78.13,
2016-05-06 16:00:00,17.94,78.74,
2016-05-09 16:00:00,18.3,79.93,
2016-05-10 16:00:00,18.44,80.05,
2016-05-11 16:00:00,18.31,75.7,
2016-05-12 16:00:00,17.95,75.6,
2016-05-13 16:00:00,18.11,73.88,
2016-05-16 16:00:00,18.28,74.61,
2016-05-17 16:00:00,18.15,73.61,
2016-05-18 16:00:00,18.28,68.0,
2016-05-19 16:00:00,17.97,67.06,
2016-05-20 16:00:00,18.2,68.66,
2016-05-23 16:00:00,18.38,67.93,
2016-05-24 16:00:00,18.92,68.69,
2016-05-25 16:00:00,19.09,69.28,
2016-05-26 16:00:00,19.22,68.91,
2016-05-27 16:00:00,19.29,68.9,
2016-05-31 16:00:00,19.49,68.78,
2016-06-01 16:00:00,19.52,68.41,
2016-06-02 16:00:00,19.74,68.32,
2016-06-03 16:00:00,19.57,68.65,
2016-06-06 16:00:00,19.92,68.81,
2016-06-07 16:00:00,19.93,68.24,
2016-06-08 16:00:00,19.92,68.62,
2016-06-09 16:00:00,19.63,67.69,
2016-06-10 16:00:00,19.6,67.88,
2016-06-13 16:00:00,19.31,66.89,
2016-06-14 16:00:00,19.24,66.74,
2016-06-15 16:00:00,19.4,67.27,
2016-06-16 16:00:00,19.42,66.98,
2016-06-17 16:00:00,19.57,67.5,
2016-06-20 16:00:00,19.67,67.99,
2016-06-21 16:00:00,19.58,68.3,
2016-06-22 16:00:00,19.44,68.86,
2016-06-23 16:00:00,19.62,69.78,
2016-06-24 16:00:00,18.96,69.35,
2016-06-27 16:00:00,18.26,69.45,
2016-06-28 16:00:00,18.7,69.74,
2016-06-29 16:00:00,19.16,70.0,
2016-06-30 16:00:00,19.29,69.82,
2016-07-01 16:00:00,19.45,70.05,
2016-07-05 16:00:00,19.25,69.74,
2016-07-06 16:00:00,19.19,70.51,
2016-07-07 16:00:00,19.62,70.09,
2016-07-08 16:00:00,20.03,71.31,
2016-07-11 16:00:00,20.11,72.54,
2016-07-12 16:00:00,20.46,73.52,
2016-07-13 16:00:00,20.48,73.17,
2016-07-14 16:00:00,20.29,73.49,
2016-07-15 16:00:00,20.3,73.04,
2016-07-18 16:00:00,20.47,73.96,
2016-07-19 16:00:00,20.09,73.95,
2016-07-20 16:00:00,20.42,74.48,
2016-07-21 16:00:00,20.38,74.34,
2016-07-22 16:00:00,20.14,74.92,
2016-07-25 16:00:00,20.13,76.3,
2016-07-26 16:00:00,20.34,76.22,
2016-07-27 16:00:00,20.52,75.25,
2016-07-28 16:00:00,20.7,74.79,
2016-07-29 16:00:00,20.59,75.33,
2016-08-01 16:00:00,20.63,75.51,
2016-08-02 16:00:00,20.21,73.89,
2016-08-03 16:00:00,20.43,74.1,
2016-08-04 16:00:00,20.68,74.14,
2016-08-05 16:00:00,20.83,74.94,
2016-08-08 16:00:00,20.9,75.0,
2016-08-09 16:00:00,20.9,72.61,
2016-08-10 16:00:00,20.93,73.05,
2016-08-11 16:00:00,21.11,74.01,
2016-08-12 16:00:00,21.18,75.81,
2016-08-15 16:00:00,,75.53,
2016-08-16 16:00:00,21.33,75.48,
2016-08-17 16:00:00,21.16,70.63,
2016-08-18 16:00:00,21.23,70.3,
2016-08-19 16:00:00,21.08,70.12,
2016-08-22 16:00:00,21.17,70.39,
2016-08-23 16:00:00,21.27,71.05,
2016-08-24 16:00:00,21.24,71.73,
2016-08-25 16:00:00,20.92,70.81,
2016-08-26 16:00:00,20.89,70.35,
2016-08-29 16:00:00,21.04,71.05,
2016-08-30 16:00:00,20.84,70.39,
2016-08-31 16:00:00,20.61,70.19,
2016-09-01 16:00:00,20.47,70.58,
2016-09-02 16:00:00,20.69,70.81,
2016-09-06 16:00:00,21.17,70.1,
2016-09-07 16:00:00,21.28,70.3,
2016-09-08 16:00:00,21.28,69.46,
2016-09-09 16:00:00,20.98,69.0,
2016-09-12 16:00:00,,69.3,
2016-09-13 16:00:00,20.61,68.94,
2016-09-14 16:00:00,20.72,68.2,
2016-09-15 16:00:00,21.2,69.21,
2016-09-16 16:00:00,,69.23,
2016-09-19 16:00:00,21.38,68.89,
2016-09-20 16:00:00,21.45,68.62,
2016-09-21 16:00:00,21.25,69.47,
2016-09-22 16:00:00,21.85,68.56,
2016-09-23 16:00:00,21.86,68.77,
2016-09-26 16:00:00,21.69,67.22,
2016-09-27 16:00:00,22.11,68.29,
2016-09-28 16:00:00,22.16,67.82,
2016-09-29 16:00:00,21.96,67.72,
2016-09-30 16:00:00,22.18,68.68,
2016-10-03 16:00:00,22.21,68.68,
2016-10-04 16:00:00,22.08,68.65,
2016-10-05 16:00:00,22.39,67.74,
2016-10-06 16:00:00,21.82,68.41,
2016-10-07 16:00:00,21.7,69.04,
2016-10-10 16:00:00,21.9,68.86,
2016-10-11 16:00:00,21.0,68.39,
2016-10-12 16:00:00,20.85,67.86,
2016-10-13 16:00:00,20.59,67.89,
2016-10-14 16:00:00,20.38,68.11,
2016-10-17 16:00:00,20.24,67.24,
2016-10-18 16:00:00,20.57,67.36,
2016-10-19 16:00:00,20.65,67.53,
2016-10-20 16:00:00,20.57,67.71,
2016-10-21 16:00:00,20.53,68.23,
2016-10-24 16:00:00,20.67,68.26,
2016-10-25 16:00:00,20.43,67.95,
2016-10-26 16:00:00,20.33,68.59,
2016-10-27 16:00:00,20.17,67.62,
2016-10-28 16:00:00,19.98,68.83,
2016-10-31 16:00:00,19.92,68.73,
2016-11-01 16:00:00,19.72,67.78,
2016-11-02 16:00:00,19.32,68.26,
2016-11-03 16:00:00,19.2,66.67,
2016-11-04 16:00:00,19.25,66.53,
2016-11-07 16:00:00,19.82,67.53,
2016-11-08 16:00:00,19.99,67.05,
2016-11-09 16:00:00,20.04,68.81,
2016-11-10 16:00:00,20.44,70.54,
2016-11-11 16:00:00,20.36,71.35,
2016-11-14 16:00:00,20.68,72.17,
2016-11-15 16:00:00,20.6,71.44,
2016-11-16 16:00:00,,76.03,
2016-11-17 16:00:00,20.72,76.13,
2016-11-18 16:00:00,20.65,76.19,
2016-11-21 16:00:00,20.88,76.51,
2016-11-22 16:00:00,20.93,77.87,
2016-11-23 16:00:00,20.83,78.48,
2016-11-25 16:00:00,20.95,78.61,
2016-11-28 16:00:00,20.86,77.72,
2016-11-29 16:00:00,20.36,78.41,
2016-11-30 16:00:00,20.11,77.24,
2016-12-01 16:00:00,19.64,77.82,
2016-12-02 16:00:00,19.8,77.94,
2016-12-05 16:00:00,20.2,76.98,
2016-12-06 16:00:00,20.18,76.77,
2016-12-07 16:00:00,20.08,76.97,
2016-12-08 16:00:00,20.33,77.84,
2016-12-09 16:00:00,20.4,77.39,
2016-12-12 16:00:00,20.4,76.74,
2016-12-13 16:00:00,20.55,77.67,
2016-12-14 16:00:00,20.41,77.19,
2016-12-15 16:00:00,20.78,76.98,
2016-12-16 16:00:00,20.83,76.75,
2016-12-19 16:00:00,20.89,77.04,
2016-12-20 16:00:00,20.83,77.65,
2016-12-21 16:00:00,20.5,77.13,
2016-12-22 16:00:00,20.22,73.74,
2016-12-23 16:00:00,20.31,73.5,
2016-12-27 16:00:00,20.72,73.7,
2016-12-28 16:00:00,20.29,72.83,
2016-12-29 16:00:00,20.19,72.62,
2016-12-30 16:00:00,20.05,72.23,
2017-01-03 16:00:00,20.44,72.75,
2017-01-04 16:00:00,21.36,73.81,
2017-01-05 16:00:00,21.15,72.56,
2017-01-06 16:00:00,21.37,71.44,
2017-01-09 16:00:00,21.65,71.43,
2017-01-10 16:00:00,21.95,71.43,
2017-01-11 16:00:00,21.78,71.61,
2017-01-12 16:00:00,21.83,71.25,
2017-01-13 16:00:00,22.06,70.19,
2017-01-17 16:00:00,21.72,70.94,
2017-01-18 16:00:00,21.8,66.85,
2017-01-19 16:00:00,21.83,65.39,
2017-01-20 16:00:00,21.85,64.1,
2017-01-23 16:00:00,21.9,63.85,
2017-01-24 16:00:00,22.06,64.41,
2017-01-25 16:00:00,22.24,65.0,
2017-01-26 16:00:00,22.11,64.17,
2017-01-27 16:00:00,22.18,63.7,
2017-01-30 16:00:00,22.0,64.12,
2017-01-31 16:00:00,22.09,64.48,
2017-02-01 16:00:00,22.27,63.67,
2017-02-02 16:00:00,22.41,63.68,
2017-02-03 16:00:00,22.38,63.75,
2017-02-06 16:00:00,22.39,63.42,
2017-02-07 16:00:00,22.28,63.57,
2017-02-08 16:00:00,22.49,64.77,
2017-02-09 16:00:00,22.92,66.41,
2017-02-10 16:00:00,22.97,65.73,
2017-02-13 16:00:00,23.05,64.81,
2017-02-14 16:00:00,23.22,65.65,
2017-02-15 16:00:00,23.17,65.75,
2017-02-16 16:00:00,22.98,65.2,
2017-02-17 16:00:00,23.14,65.79,
2017-02-21 16:00:00,23.2,66.21,
2017-02-22 16:00:00,23.17,65.94,
2017-02-23 16:00:00,22.97,64.98,
2017-02-24 16:00:00,22.86,66.51,
2017-02-27 16:00:00,23.27,66.91,
2017-02-28 16:00:00,23.13,58.77,
2017-03-01 16:00:00,23.5,57.83,
2017-03-02 16:00:00,23.25,57.95,
2017-03-03 16:00:00,23.2,57.35,
2017-03-06 16:00:00,23.27,56.1,
2017-03-07 16:00:00,23.24,55.14,
2017-03-08 16:00:00,23.24,55.02,
2017-03-09 16:00:00,22.99,55.2,
2017-03-10 16:00:00,23.21,55.36,
2017-03-13 16:00:00,23.43,55.19,
2017-03-14 16:00:00,23.38,54.75,
2017-03-15 16:00:00,23.6,54.57,
2017-03-16 16:00:00,23.72,54.59,
2017-03-17 16:00:00,23.71,54.29,
2017-03-20 16:00:00,23.7,54.37,
2017-03-21 16:00:00,23.04,53.39,
2017-03-22 16:00:00,23.02,53.58,
2017-03-23 16:00:00,23.03,53.14,
2017-03-24 16:00:00,23.16,53.12,
2017-03-27 16:00:00,23.43,53.33,
2017-03-28 16:00:00,23.6,53.6,
2017-03-29 16:00:00,23.79,55.15,
2017-03-30 16:00:00,23.85,55.25,
2017-03-31 16:00:00,23.96,55.19,
2017-04-03 16:00:00,24.03,54.03,
2017-04-04 16:00:00,23.93,53.43,
2017-04-05 16:00:00,23.66,52.75,
2017-04-06 16:00:00,23.77,53.57,
2017-04-07 16:00:00,23.94,53.24,
2017-04-10 16:00:00,24.09,53.79,
2017-04-11 16:00:00,24.03,53.71,
2017-04-12 16:00:00,23.82,53.4,
2017-04-13 16:00:00,23.85,53.39,
2017-04-17 16:00:00,23.99,53.68,
2017-04-18 16:00:00,24.16,53.6,
2017-04-19 16:00:00,24.3,53.89,
2017-04-20 16:00:00,24.55,54.64,
2017-04-21 16:00:00,24.34,54.78,
2017-04-24 16:00:00,24.68,54.82,
2017-04-25 16:00:00,25.02,55.15,
2017-04-26 16:00:00,25.33,55.98,
2017-04-27 16:00:00,25.58,56.09,
2017-04-28 16:00:00,25.17,55.85,
2017-05-01 16:00:00,25.71,55.77,
2017-05-02 16:00:00,25.68,56.16,
2017-05-03 16:00:00,25.59,57.34,
2017-05-04 16:00:00,25.5,57.29,
2017-05-05 16:00:00,25.76,57.32,
2017-05-08 16:00:00,25.69,57.3,
2017-05-09 16:00:00,26.27,58.08,
2017-05-10 16:00:00,26.52,58.41,
2017-05-11 16:00:00,26.57,56.06,
2017-05-12 16:00:00,26.71,55.8,
2017-05-15 16:00:00,26.95,55.35,
2017-05-16 16:00:00,27.07,54.53,
2017-05-17 16:00:00,26.12,55.04,
2017-05-18 16:00:00,26.88,55.83,
2017-05-19 16:00:00,26.93,55.99,
2017-05-22 16:00:00,27.35,55.46,
2017-05-23 16:00:00,27.44,54.49,
2017-05-24 16:00:00,28.26,54.13,
2017-05-25 16:00:00,28.61,54.2,
2017-05-26 16:00:00,28.25,54.4,
2017-05-30 16:00:00,28.14,54.94,
2017-05-31 16:00:00,28.35,55.15,
2017-06-01 16:00:00,28.96,55.66,
2017-06-02 16:00:00,29.16,55.52,
2017-06-05 16:00:00,29.21,55.63,
2017-06-06 16:00:00,29.41,54.58,
2017-06-07 16:00:00,29.45,54.47,
2017-06-08 16:00:00,29.75,54.63,
2017-06-09 16:00:00,28.83,56.9,
2017-06-12 16:00:00,28.27,57.87,
2017-06-13 16:00:00,28.71,57.38,
2017-06-14 16:00:00,28.46,57.86,
2017-06-15 16:00:00,28.36,55.46,
2017-06-16 16:00:00,28.53,52.61,
2017-06-19 16:00:00,29.32,51.71,
2017-06-20 16:00:00,29.35,50.91,
2017-06-21 16:00:00,29.77,50.52,
2017-06-22 16:00:00,30.05,50.63,
2017-06-23 16:00:00,30.3,50.76,
2017-06-26 16:00:00,29.85,51.48,
2017-06-27 16:00:00,29.21,52.07,
2017-06-28 16:00:00,29.79,52.06,
2017-06-29 16:00:00,29.23,52.09,
2017-06-30 16:00:00,28.95,52.29,
2017-07-03 16:00:00,28.8,52.65,
2017-07-05 16:00:00,28.99,52.16,
2017-07-06 16:00:00,28.4,51.44,
2017-07-07 16:00:00,28.58,51.07,
2017-07-10 16:00:00,28.54,50.18,
2017-07-11 16:00:00,28.9,50.41,
2017-07-12 16:00:00,29.39,50.87,
2017-07-13 16:00:00,29.26,53.31,
2017-07-14 16:00:00,29.32,53.23,
2017-07-17 16:00:00,29.11,53.73,
2017-07-18 16:00:00,29.43,53.73,
2017-07-19 16:00:00,29.47,54.1,
2017-07-20 16:00:00,29.73,54.58,
2017-07-21 16:00:00,29.95,54.84,
2017-07-24 16:00:00,30.38,54.05,
2017-07-25 16:00:00,30.3,55.1,
2017-07-26 16:00:00,30.29,54.96,
2017-07-27 16:00:00,29.83,56.05,
2017-07-28 16:00:00,29.97,56.11,
2017-07-31 16:00:00,29.62,56.67,
2017-08-01 16:00:00,29.7,56.86,
2017-08-02 16:00:00,29.81,56.8,
2017-08-03 16:00:00,30.03,57.04,
2017-08-04 16:00:00,30.4,57.58,
2017-08-07 16:00:00,30.97,57.88,
2017-08-08 16:00:00,30.92,58.74,
2017-08-09 16:00:00,30.64,57.87,
2017-08-10 16:00:00,30.09,55.64,
2017-08-11 16:00:00,30.75,55.65,
2017-08-14 16:00:00,31.75,55.79,
2017-08-15 16:00:00,31.28,54.35,
2017-08-16 16:00:00,31.53,56.31,
2017-08-17 16:00:00,30.97,56.12,
2017-08-18 16:00:00,30.75,55.65,
2017-08-21 16:00:00,30.75,56.56,
2017-08-22 16:00:00,31.32,56.54,
2017-08-23 16:00:00,31.49,56.46,
2017-08-24 16:00:00,31.74,54.21,
2017-08-25 16:00:00,31.66,55.01,
2017-08-28 16:00:00,32.31,54.44,
2017-08-29 16:00:00,32.8,54.55,
2017-08-30 16:00:00,33.42,54.32,
2017-08-31 16:00:00,34.14,54.53,
2017-09-01 16:00:00,33.64,56.22,
2017-09-05 16:00:00,33.43,57.35,
2017-09-06 16:00:00,33.64,58.02,
2017-09-07 16:00:00,33.75,58.42,
2017-09-08 16:00:00,33.27,57.27,
2017-09-11 16:00:00,33.72,57.29,
2017-09-12 16:00:00,33.87,57.89,
2017-09-13 16:00:00,33.72,59.51,
2017-09-14 16:00:00,33.55,59.47,
2017-09-15 16:00:00,33.95,59.96,
2017-09-18 16:00:00,34.36,59.09,
2017-09-19 16:00:00,34.21,59.35,
2017-09-20 16:00:00,34.3,59.26,
2017-09-21 16:00:00,33.97,58.33,
2017-09-22 16:00:00,33.9,58.99,
2017-09-25 16:00:00,33.38,58.55,
2017-09-26 16:00:00,33.25,58.59,
2017-09-27 16:00:00,33.83,58.87,
2017-09-28 16:00:00,34.12,58.91,
2017-09-29 16:00:00,34.29,59.01,
2017-10-02 16:00:00,34.47,58.89,
2017-10-03 16:00:00,34.8,58.58,
2017-10-04 16:00:00,34.66,58.66,
2017-10-05 16:00:00,35.12,58.38,
2017-10-06 16:00:00,35.02,57.12,
2017-10-09 16:00:00,34.95,56.25,
2017-10-10 16:00:00,34.79,57.6,
2017-10-11 16:00:00,34.81,59.15,
2017-10-12 16:00:00,34.92,60.19,
2017-10-13 16:00:00,34.78,60.85,
2017-10-16 16:00:00,34.69,60.15,
2017-10-17 16:00:00,34.73,60.17,
2017-10-18 16:00:00,34.69,60.03,
2017-10-19 16:00:00,34.36,60.43,
2017-10-20 16:00:00,34.84,61.76,
2017-10-23 16:00:00,34.52,62.58,
2017-10-24 16:00:00,34.36,62.93,
2017-10-25 16:00:00,33.73,61.92,
2017-10-26 16:00:00,34.21,62.01,
2017-10-27 16:00:00,34.85,60.26,
2017-10-30 16:00:00,35.04,59.55,
2017-10-31 16:00:00,35.51,59.04,
2017-11-01 16:00:00,34.96,58.86,
2017-11-02 16:00:00,34.83,59.79,
2017-11-03 16:00:00,35.3,59.36,
2017-11-06 16:00:00,35.24,59.29,
2017-11-07 16:00:00,34.89,57.89,
2017-11-08 16:00:00,34.93,58.37,
2017-11-09 16:00:00,34.66,59.9,
2017-11-10 16:00:00,34.7,61.4,
2017-11-13 16:00:00,34.85,60.4,
2017-11-14 16:00:00,34.51,60.09,
2017-11-15 16:00:00,34.6,54.16,
2017-11-16 16:00:00,35.3,55.1,
2017-11-17 16:00:00,35.48,58.14,
2017-11-20 16:00:00,35.84,57.88,
2017-11-21 16:00:00,36.44,57.25,
2017-11-22 16:00:00,36.76,57.49,
2017-11-24 13:00:00,,55.88,
2017-11-24 16:00:00,36.94,,
2017-11-27 16:00:00,37.26,55.84,
2017-11-28 16:00:00,37.67,56.62,
2017-11-29 16:00:00,36.98,61.68,
2017-11-30 16:00:00,37.2,59.9,
2017-12-01 16:00:00,37.4,59.51,
2017-12-04 16:00:00,36.74,62.56,
2017-12-05 16:00:00,36.35,62.2,
2017-12-06 16:00:00,36.52,60.72,
2017-12-07 16:00:00,37.06,61.09,
2017-12-08 16:00:00,36.74,61.37,
2017-12-11 16:00:00,36.99,61.76,
2017-12-12 16:00:00,37.54,61.02,
2017-12-13 16:00:00,37.6,62.67,
2017-12-14 16:00:00,37.57,61.94,
2017-12-15 16:00:00,38.45,62.61,
2017-12-18 16:00:00,39.94,64.08,
2017-12-19 16:00:00,39.09,64.06,
2017-12-20 16:00:00,38.33,64.48,
2017-12-21 16:00:00,37.75,65.22,
2017-12-22 16:00:00,37.75,65.39,
2017-12-26 16:00:00,38.26,65.82,
2017-12-27 16:00:00,37.55,65.14,
2017-12-28 16:00:00,37.44,64.82,
2017-12-29 16:00:00,37.08,65.25,
2018-01-02 16:00:00,38.58,67.63,
2018-01-03 16:00:00,38.74,67.17,
2018-01-04 16:00:00,38.87,65.85,
2018-01-05 16:00:00,39.5,66.55,
2018-01-08 16:00:00,39.23,67.18,
2018-01-09 16:00:00,39.31,69.14,
2018-01-10 16:00:00,39.41,70.73,
2018-01-11 16:00:00,39.51,74.0,
2018-01-12 16:00:00,39.71,76.8,
2018-01-16 16:00:00,38.82,74.96,
2018-01-17 16:00:00,39.73,76.82,
2018-01-18 16:00:00,39.87,77.9,
2018-01-19 16:00:00,39.94,78.1,
2018-01-22 16:00:00,41.05,78.58,
2018-01-23 16:00:00,41.57,78.12,
2018-01-24 16:00:00,41.32,76.89,
2018-01-25 16:00:00,41.29,76.3,
2018-01-26 16:00:00,42.05,76.95,
2018-01-29 16:00:00,42.33,76.8,
2018-01-30 16:00:00,41.6,75.1,
2018-01-31 16:00:00,41.24,75.22,
2018-02-01 16:00:00,40.75,74.97,
2018-02-02 16:00:00,39.8,72.95,
2018-02-05 16:00:00,38.39,70.77,
2018-02-06 16:00:00,39.29,72.71,
2018-02-07 16:00:00,39.84,73.25,
2018-02-08 16:00:00,38.1,71.11,
2018-02-09 16:00:00,38.37,72.45,
2018-02-12 16:00:00,38.82,71.88,
2018-02-13 16:00:00,39.27,73.88,
2018-02-14 16:00:00,40.28,75.35,
2018-02-15 16:00:00,41.09,76.04,
2018-02-16 16:00:00,41.06,75.7,
2018-02-20 16:00:00,41.02,72.86,
2018-02-21 16:00:00,41.07,72.96,
2018-02-22 16:00:00,40.99,75.03,
2018-02-23 16:00:00,41.51,75.41,
2018-02-26 16:00:00,42.36,76.9,
2018-02-27 16:00:00,41.69,75.57,
2018-02-28 16:00:00,40.91,75.41,
2018-03-01 16:00:00,40.77,74.13,
2018-03-02 16:00:00,41.71,75.15,
2018-03-05 16:00:00,42.56,75.14,
2018-03-06 16:00:00,42.96,71.79,
2018-03-07 16:00:00,43.61,71.43,
2018-03-08 16:00:00,44.0,69.75,
2018-03-09 16:00:00,44.89,70.49,
2018-03-12 16:00:00,44.98,70.67,
2018-03-13 16:00:00,44.44,71.17,
2018-03-14 16:00:00,44.13,70.65,
2018-03-15 16:00:00,43.63,70.63,
2018-03-16 16:00:00,43.42,70.99,
2018-03-19 16:00:00,42.6,70.34,
2018-03-20 16:00:00,42.68,71.56,
2018-03-21 16:00:00,42.67,70.14,
2018-03-22 16:00:00,41.46,68.89,
2018-03-23 16:00:00,40.65,67.88,
2018-03-26 16:00:00,41.51,70.28,
2018-03-27 16:00:00,39.39,68.51,
2018-03-28 16:00:00,38.39,69.18,
2018-03-29 16:00:00,39.07,69.43,
2018-04-02 16:00:00,37.81,68.98,
2018-04-03 16:00:00,38.35,69.53,
2018-04-04 16:00:00,39.27,71.86,
2018-04-05 16:00:00,39.53,72.44,
2018-04-06 16:00:00,38.44,72.29,
2018-04-09 16:00:00,38.68,71.48,
2018-04-10 16:00:00,39.92,72.79,
2018-04-11 16:00:00,40.09,72.82,
2018-04-12 16:00:00,40.52,72.43,
2018-04-13 16:00:00,40.24,71.52,
2018-04-16 16:00:00,40.22,72.0,
2018-04-17 16:00:00,41.38,72.45,
2018-04-18 16:00:00,41.66,72.53,
2018-04-19 16:00:00,41.23,70.98,
2018-04-20 16:00:00,40.87,70.32,
2018-04-23 16:00:00,40.2,70.95,
2018-04-24 16:00:00,39.63,70.53,
2018-04-25 16:00:00,38.86,71.14,
2018-04-26 16:00:00,39.54,71.88,
2018-04-27 16:00:00,39.38,72.85,
2018-04-30 16:00:00,39.09,72.6,
2018-05-01 16:00:00,39.57,71.07,
2018-05-02 16:00:00,39.55,71.45,
2018-05-03 16:00:00,39.29,71.15,
2018-05-04 16:00:00,39.91,71.05,
2018-05-07 16:00:00,40.95,69.33,
2018-05-08 16:00:00,41.29,69.42,
2018-05-09 16:00:00,42.34,69.93,
2018-05-10 16:00:00,42.67,70.24,
2018-05-11 16:00:00,42.88,70.25,
2018-05-14 16:00:00,42.95,72.9,
2018-05-15 16:00:00,42.73,73.08,
2018-05-16 16:00:00,43.07,75.23,
2018-05-17 16:00:00,43.13,75.83,
2018-05-18 16:00:00,42.62,75.94,
2018-05-21 16:00:00,42.74,76.87,
2018-05-22 16:00:00,42.87,75.47,
2018-05-23 16:00:00,43.34,71.17,
2018-05-24 16:00:00,43.25,70.94,
2018-05-25 16:00:00,43.19,71.21,
2018-05-29 16:00:00,43.07,71.7,
2018-05-30 16:00:00,43.67,73.47,
2018-05-31 16:00:00,43.48,73.47,
2018-06-01 16:00:00,43.77,72.8,
2018-06-04 16:00:00,44.51,76.35,
2018-06-05 16:00:00,45.09,78.5,
2018-06-06 16:00:00,45.87,77.9,
2018-06-07 16:00:00,45.43,78.35,
2018-06-08 16:00:00,45.7,78.02,
2018-06-11 16:00:00,45.78,79.06,
2018-06-12 16:00:00,46.17,79.07,
2018-06-13 16:00:00,46.4,78.02,
2018-06-14 16:00:00,47.27,77.22,
2018-06-15 16:00:00,47.28,77.25,
2018-06-18 16:00:00,47.85,77.12,
2018-06-19 16:00:00,47.42,76.57,
2018-06-20 16:00:00,48.37,75.39,
2018-06-21 16:00:00,47.22,76.14,
2018-06-22 16:00:00,46.61,76.04,
2018-06-25 16:00:00,45.29,76.84,
2018-06-26 16:00:00,45.77,76.33,
2018-06-27 16:00:00,44.45,76.87,
2018-06-28 16:00:00,44.97,75.6,
2018-06-29 16:00:00,44.98,76.12,
2018-07-02 16:00:00,45.6,75.77,
2018-07-03 13:00:00,45.15,76.63,
2018-07-05 16:00:00,45.77,76.55,
2018-07-06 16:00:00,46.7,76.79,
2018-07-09 16:00:00,47.17,77.76,
2018-07-10 16:00:00,46.96,78.3,
2018-07-11 16:00:00,46.92,77.58,
2018-07-12 16:00:00,47.75,76.5,
2018-07-13 16:00:00,47.74,77.72,
2018-07-16 16:00:00,46.94,77.21,
2018-07-17 16:00:00,47.45,77.27,
2018-07-18 16:00:00,47.31,76.85,
2018-07-19 16:00:00,47.53,78.46,
2018-07-20 16:00:00,47.27,77.76,
2018-07-23 16:00:00,47.11,78.69,
2018-07-24 16:00:00,45.88,79.36,
2018-07-25 16:00:00,46.86,79.99,
2018-07-26 16:00:00,46.5,79.86,
2018-07-27 16:00:00,44.72,80.13,
2018-07-30 16:00:00,43.6,81.21,
2018-07-31 16:00:00,44.55,80.68,
2018-08-01 16:00:00,44.73,78.95,
2018-08-02 16:00:00,45.87,80.76,
2018-08-03 16:00:00,45.47,81.45,
2018-08-06 16:00:00,45.94,81.61,
2018-08-07 16:00:00,46.6,82.24,
2018-08-08 16:00:00,46.65,82.39,
2018-08-09 16:00:00,46.82,82.62,
2018-08-10 16:00:00,46.93,82.71,
2018-08-13 16:00:00,46.61,82.06,
2018-08-14 16:00:00,46.88,82.68,
2018-08-15 16:00:00,45.92,80.69,
2018-08-16 16:00:00,46.4,82.07,
2018-08-17 16:00:00,45.83,83.04,
2018-08-20 16:00:00,46.38,83.32,
2018-08-21 16:00:00,47.37,83.27,
2018-08-22 16:00:00,47.41,85.94,
2018-08-23 16:00:00,47.34,86.71,
2018-08-24 16:00:00,48.06,87.31,
2018-08-27 16:00:00,48.88,86.6,
2018-08-28 16:00:00,48.99,86.7,
2018-08-29 16:00:00,49.63,87.63,
2018-08-30 16:00:00,49.6,87.31,
2018-08-31 16:00:00,49.7,87.5,
2018-09-04 16:00:00,49.17,88.95,
2018-09-05 16:00:00,47.99,88.6,
2018-09-06 16:00:00,47.04,88.88,
2018-09-07 16:00:00,46.73,88.74,
2018-09-10 16:00:00,46.86,89.26,
2018-09-11 16:00:00,47.43,88.8,
2018-09-12 16:00:00,47.58,88.65,
2018-09-13 16:00:00,47.94,88.08,
2018-09-14 16:00:00,48.24,87.94,
2018-09-17 16:00:00,47.28,87.28,
2018-09-18 16:00:00,48.14,87.68,
2018-09-19 16:00:00,48.11,87.16,
2018-09-20 16:00:00,48.33,87.38,
2018-09-21 16:00:00,47.16,87.31,
2018-09-24 16:00:00,47.33,87.24,
2018-09-25 16:00:00,47.77,87.31,
2018-09-26 16:00:00,47.81,87.89,
2018-09-27 16:00:00,48.21,87.51,
2018-09-28 16:00:00,47.34,88.21,
2018-10-01 16:00:00,47.41,88.47,
2018-10-02 16:00:00,46.19,86.62,
2018-10-03 16:00:00,46.28,85.97,
2018-10-04 16:00:00,44.83,84.84,
2018-10-05 16:00:00,43.98,84.52,
2018-10-08 16:00:00,43.16,85.4,
2018-10-09 16:00:00,43.36,85.66,
2018-10-10 16:00:00,41.1,85.2,
2018-10-11 16:00:00,40.7,82.8,
2018-10-12 16:00:00,42.02,84.61,
2018-10-15 16:00:00,41.64,84.6,
2018-10-16 16:00:00,43.63,85.81,
2018-10-17 16:00:00,43.37,84.42,
2018-10-18 16:00:00,42.1,83.36,
2018-10-19 16:00:00,41.32,82.02,
2018-10-22 16:00:00,41.44,83.23,
2018-10-23 16:00:00,41.76,82.67,
2018-10-24 16:00:00,39.39,82.27,
2018-10-25 16:00:00,41.23,83.83,
2018-10-26 16:00:00,40.9,81.94,
2018-10-29 16:00:00,40.49,84.1,
2018-10-30 16:00:00,41.52,85.77,
2018-10-31 16:00:00,42.58,83.63,
2018-11-01 16:00:00,44.72,84.23,
2018-11-02 16:00:00,45.48,84.41,
2018-11-05 16:00:00,44.82,85.35,
2018-11-06 16:00:00,44.83,85.59,
2018-11-07 16:00:00,45.96,86.76,
2018-11-08 16:00:00,45.24,87.6,
2018-11-09 16:00:00,44.38,86.94,
2018-11-12 16:00:00,42.76,85.47,
2018-11-13 16:00:00,43.11,84.32,
2018-11-14 16:00:00,42.59,83.13,
2018-11-15 16:00:00,43.84,80.76,
2018-11-16 16:00:00,43.67,79.68,
2018-11-19 16:00:00,41.58,77.79,
2018-11-20 16:00:00,40.82,69.03,
2018-11-21 16:00:00,41.74,69.26,
2018-11-23 13:00:00,41.71,67.35,
2018-11-26 16:00:00,42.95,69.25,
2018-11-27 16:00:00,42.53,71.38,
2018-11-28 16:00:00,44.18,71.88,
2018-11-29 16:00:00,44.05,71.17,
2018-11-30 16:00:00,44.45,70.96,
2018-12-03 16:00:00,45.53,72.34,
2018-12-04 16:00:00,43.27,69.31,
2018-12-06 16:00:00,43.54,69.54,
2018-12-07 16:00:00,42.1,67.81,
2018-12-10 16:00:00,42.54,68.32,
2018-12-11 16:00:00,42.46,66.78,
2018-12-12 16:00:00,43.31,67.79,
2018-12-13 16:00:00,42.64,66.68,
2018-12-14 16:00:00,41.77,67.17,
2018-12-17 16:00:00,39.92,64.32,
2018-12-18 16:00:00,39.89,65.31,
2018-12-19 16:00:00,39.28,62.83,
2018-12-20 16:00:00,37.82,61.7,
2018-12-21 16:00:00,35.85,61.13,
2018-12-24 13:00:00,35.34,61.55,
2018-12-26 16:00:00,37.52,65.11,
2018-12-27 16:00:00,36.4,64.71,
2018-12-28 16:00:00,36.77,64.96,
2018-12-31 16:00:00,37.19,66.09,
2019-01-02 16:00:00,37.42,66.44,
2019-01-03 16:00:00,36.19,65.53,
2019-01-04 16:00:00,38.43,66.43,
2019-01-07 16:00:00,40.1,69.68,
2019-01-08 16:00:00,40.22,69.61,
2019-01-09 16:00:00,41.48,70.29,
2019-01-10 16:00:00,41.69,68.29,
2019-01-11 16:00:00,41.78,69.61,
2019-01-14 16:00:00,41.03,68.84,
2021-04-14 16:00:00,,,328.28
2021-04-15 16:00:00,,,322.75
2021-04-16 16:00:00,,,342.0
2021-04-19 16:00:00,,,333.0
2021-04-20 16:00:00,,,320.82
2021-04-21 16:00:00,,,311.92
2021-04-22 16:00:00,,,293.45
2021-04-23 16:00:00,,,291.6
2021-04-26 16:00:00,,,304.54
2021-04-27 16:00:00,,,302.0
2021-04-28 16:00:00,,,298.05
2021-04-29 16:00:00,,,294.77
2021-04-30 16:00:00,,,297.64
2021-05-03 16:00:00,,,294.21
2021-05-04 16:00:00,,,280.66
2021-05-05 16:00:00,,,273.0
2021-05-06 16:00:00,,,256.76
2021-05-07 16:00:00,,,263.7
2021-05-10 16:00:00,,,293.45
2021-05-11 16:00:00,,,303.0
2021-05-12 16:00:00,,,283.61
2021-05-13 16:00:00,,,265.1
2021-05-14 16:00:00,,,258.37
2021-05-17 16:00:00,,,248.24
2021-05-18 16:00:00,,,239.0
2021-05-19 16:00:00,,,224.8
2021-05-20 16:00:00,,,233.4
2021-05-21 16:00:00,,,224.35
2021-05-24 16:00:00,,,225.3
2021-05-25 16:00:00,,,242.41
2021-05-26 16:00:00,,,241.52
2021-05-27 16:00:00,,,247.09
2021-05-28 16:00:00,,,236.54
2021-06-01 16:00:00,,,238.93
2021-06-02 16:00:00,,,240.48
2021-06-03 16:00:00,,,233.66
2021-06-04 16:00:00,,,228.79
2021-06-07 16:00:00,,,231.45
2021-06-08 16:00:00,,,220.66
2021-06-09 16:00:00,,,224.32
2021-06-10 16:00:00,,,221.85
2021-06-11 16:00:00,,,223.92
2021-06-14 16:00:00,,,239.1
2021-06-15 16:00:00,,,232.21
2021-06-16 16:00:00,,,228.05
2021-06-17 16:00:00,,,230.66
2021-06-18 16:00:00,,,229.29
2021-06-21 16:00:00,,,222.6
2021-06-22 16:00:00,,,222.47
2021-06-23 16:00:00,,,226.01
2021-06-24 16:00:00,,,229.93
2021-06-25 16:00:00,,,224.54
2021-06-28 16:00:00,,,246.69
2021-06-29 16:00:00,,,254.9
2021-06-30 16:00:00,,,253.3
2021-07-01 16:00:00,,,241.44
2021-07-02 16:00:00,,,240.72
2021-07-06 16:00:00,,,235.41
2021-07-07 16:00:00,,,251.97
2021-07-08 16:00:00,,,244.29
2021-07-09 16:00:00,,,253.88
2021-07-12 16:00:00,,,247.67
2021-07-13 16:00:00,,,243.31
2021-07-14 16:00:00,,,229.94
2021-07-15 16:00:00,,,224.63
2021-07-16 16:00:00,,,225.01
2021-07-19 16:00:00,,,220.61
2021-07-20 16:00:00,,,224.96
2021-07-21 16:00:00,,,230.87
2021-07-22 16:00:00,,,226.08
2021-07-23 16:00:00,,,224.92
2021-07-26 16:00:00,,,245.45
2021-07-27 16:00:00,,,235.08
2021-07-28 16:00:00,,,241.75
2021-07-29 16:00:00,,,235.78
2021-07-30 16:00:00,,,236.58
2021-08-02 16:00:00,,,235.4
2021-08-03 16:00:00,,,230.18
2021-08-04 16:00:00,,,244.36
2021-08-05 16:00:00,,,255.5
2021-08-06 16:00:00,,,258.26
2021-08-09 16:00:00,,,280.47
2021-08-10 16:00:00,,,269.67
2021-08-11 16:00:00,,,278.4
2021-08-12 16:00:00,,,256.5
2021-08-13 16:00:00,,,261.25
2021-08-16 16:00:00,,,256.83
2021-08-17 16:00:00,,,250.8
2021-08-18 16:00:00,,,244.39
2021-08-19 16:00:00,,,248.24
2021-08-20 16:00:00,,,257.32
2021-08-23 16:00:00,,,256.0
2021-08-24 16:00:00,,,259.28
2021-08-25 16:00:00,,,256.77
2021-08-26 16:00:00,,,248.54
2021-08-27 16:00:00,,,259.12
2021-08-30 16:00:00,,,262.66
2021-08-31 16:00:00,,,259.0
2021-09-01 16:00:00,,,265.9
2021-09-02 16:00:00,,,268.18
2021-09-03 16:00:00,,,278.44
2021-09-07 16:00:00,,,266.81
2021-09-08 16:00:00,,,258.2
2021-09-09 16:00:00,,,256.42
2021-09-10 16:00:00,,,248.32
2021-09-13 16:00:00,,,242.84
2021-09-14 16:00:00,,,243.0
2021-09-15 16:00:00,,,247.07
2021-09-16 16:00:00,,,243.21
2021-09-17 16:00:00,,,245.19
2021-09-20 16:00:00,,,236.53
2021-09-21 16:00:00,,,238.46
2021-09-22 16:00:00,,,241.85
2021-09-23 16:00:00,,,237.5
2021-09-24 16:00:00,,,231.82
2021-09-27 16:00:00,,,232.24
2021-09-28 16:00:00,,,229.84
2021-09-29 16:00:00,,,225.28
2021-09-30 16:00:00,,,227.48
2021-10-01 16:00:00,,,231.15
2021-10-04 16:00:00,,,229.31
2021-10-05 16:00:00,,,240.09
2021-10-06 16:00:00,,,250.38
2021-10-07 16:00:00,,,251.59
2021-10-08 16:00:00,,,248.14
2021-10-11 16:00:00,,,256.5
2021-10-12 16:00:00,,,249.33
2021-10-13 16:00:00,,,246.78
2021-10-14 16:00:00,,,260.0
2021-10-15 16:00:00,,,280.61
2021-10-18 16:00:00,,,293.34
2021-10-19 16:00:00,,,305.63
2021-10-20 16:00:00,,,314.71
2021-10-21 16:00:00,,,300.01
2021-10-22 16:00:00,,,300.84
2021-10-25 16:00:00,,,325.54
2021-10-26 16:00:00,,,319.49
2021-10-27 16:00:00,,,311.67
2021-10-28 16:00:00,,,319.13
2021-10-29 16:00:00,,,319.42
2021-11-01 16:00:00,,,330.99
2021-11-02 16:00:00,,,336.34
2021-11-03 16:00:00,,,344.38
2021-11-04 16:00:00,,,344.45
2021-11-05 16:00:00,,,337.05
2021-11-08 16:00:00,,,353.92
2021-11-09 16:00:00,,,357.39
2021-11-10 16:00:00,,,328.6
2021-11-11 16:00:00,,,336.39
2021-11-12 16:00:00,,,342.98
2021-11-15 16:00:00,,,345.36
2021-11-16 16:00:00,,,342.12
2021-11-17 16:00:00,,,346.52
2021-11-18 16:00:00,,,323.57
2021-11-19 16:00:00,,,332.55
2021-11-22 16:00:00,,,315.48
2021-11-23 16:00:00,,,317.2
2021-11-24 16:00:00,,,312.38
2021-11-26 13:00:00,,,303.19
2021-11-29 16:00:00,,,319.39
2021-11-30 16:00:00,,,315.0
2021-12-01 16:00:00,,,294.5
2021-12-02 16:00:00,,,284.71
2021-12-03 16:00:00,,,265.65
2021-12-06 16:00:00,,,263.24
2021-12-07 16:00:00,,,286.42
2021-12-08 16:00:00,,,287.48
2021-12-09 16:00:00,,,263.91
2021-12-10 16:00:00,,,255.76
2021-12-13 16:00:00,,,251.37
2021-12-14 16:00:00,,,255.86
2021-12-15 16:00:00,,,258.3
2021-12-16 16:00:00,,,247.17
2021-12-17 16:00:00,,,243.35
2021-12-20 16:00:00,,,238.05
2021-12-21 16:00:00,,,247.69
2021-12-22 16:00:00,,,254.55
2021-12-23 16:00:00,,,268.15
2021-12-27 16:00:00,,,280.27
2021-12-28 16:00:00,,,261.33
2021-12-29 16:00:00,,,252.6
2021-12-30 16:00:00,,,256.79
2021-12-31 16:00:00,,,252.37
2022-01-03 16:00:00,,,251.05
2022-01-04 16:00:00,,,250.15
2022-01-05 16:00:00,,,234.23
2022-01-06 16:00:00,,,234.0
2022-01-07 16:00:00,,,232.33
2022-01-10 16:00:00,,,225.01
2022-01-11 16:00:00,,,237.23
2022-01-12 16:00:00,,,234.7
2022-01-13 16:00:00,,,228.23
2022-01-14 16:00:00,,,230.03
